continent,total_cases_per_million
Europe,340362.918977289
Oceania,333693.402483658
North America,206026.644003213
South America,160696.172918249
Asia,64090.9152681522
Africa,9226.15920740063
