continent,total_deaths_per_million
South America,3149.53223284451
North America,2824.29938612946
Europe,2819.34492012526
Oceania,736.298237856518
Asia,347.397995828167
Africa,182.417076563921
