continent,people_fully_vaccinated_per_hundred
Asia,20.1598712377869
South America,8.10712994569461
North America,1.66353171938297
Africa,1.66252569492674
Europe,0.251385224252545
Oceania,0.171788123689225
